id,pred
b5ce1305-50fe-5a5e-b785-325ab15c6d2b,B
8e1df938-fb37-5c27-8a0d-aedee854251a,B
cba66923-b65f-566a-a766-03039fe2345c,B
40a0f1d8-fbfe-53e3-947f-3ead7276284e,B
bdad5388-27d0-5001-a4ba-cb2208edf775,B
c0b98b73-d73d-5bfd-a34f-59d68457e992,B
b0446013-eece-5acc-bbfa-9145f5a61ed1,B
575b2175-e75b-5f1a-ba75-8fa7a1e44f90,B
c42511bf-0b43-5395-8a2b-f8748c6afdbf,B
8bf4c1a8-346e-5754-a972-235504d77830,B
730bd68c-4741-5f2b-89e5-7266a3ea7f2f,B
40fec759-5b84-5ed6-b35f-c9852da124b8,A
851b5544-7fc0-5faa-940e-53e0ff149516,A
f474b24e-316a-572d-8772-189739800d5d,B
c2028682-fb48-55b9-a80b-75bdc961513b,B
3762c45e-f29f-5641-aaee-ac545e09f4bf,A
c35cfb8a-6918-5bc7-90d5-18272ff8023f,B
b636803c-e54c-5c94-9b57-b44ae036e3f6,B
63497830-5de7-5a62-b821-3a38bc718a5f,B
663eb019-69ba-570f-bf87-f210f58e8cec,A
ec0cbbbf-0551-5778-b946-943c3f24f0a1,B
40ca5c4a-b910-50a6-b49a-a018b2987b13,B
40259d3e-bfe0-5288-9378-b67e4bd6d4ea,A
fa4a7de8-dc94-51c2-af35-9a2a2feb9439,B
dc1df9a6-ac72-5834-bf91-c324da3d88ed,A
c186e988-2859-548e-937a-1f125900d1e1,B
429ad667-0c08-5c77-9fc3-a264dfa770fe,A
c1a433d6-bad7-5a75-bd5e-1e3748b57324,B
e5a3a0bc-c9fc-58cf-973d-071d2744c53a,B
026907a0-2164-526c-b254-e687efdbf498,B
32c3d711-985e-53ee-958a-1fb0e32c6926,B
bc53b449-7816-55b7-b25d-a81f8b73fc41,B
bf506ccb-5238-5455-bf51-fbe85ef21ed0,A
82b2af9a-722e-55b3-a365-8c861f5b5cde,B
3ca791e5-75b4-5172-bc59-14c5b21c60a1,A
0a75523a-50d2-5e71-8a08-257afd51fab7,A
4f9f8288-4e9e-553d-b444-1b9441c537e1,B
7cada2fd-2c0b-5301-9582-27b1ad933ee0,A
1567aab5-c24b-5bc4-ba41-a6ba0dd6e2f2,B
9457845e-e3bb-5d9f-9351-c49eb1222324,B
fab25c06-2b47-559b-8f61-2609d36fda93,B
be8116dc-c69d-51c5-9623-aa077c99d7b2,B
7b9f3dbd-71e5-5ed0-be3f-893be2f81120,A
b15ac8fa-9ff6-5b4b-b0ed-b4975b712bb4,A
3536e15f-d919-5117-8494-4520a42f5367,B
9f662634-6bf3-5943-bc97-defa5e01e3bb,B
bd98f97e-668b-5b14-9e12-25f8287ac40a,B
6ecdf3e8-0e9b-5efe-bc37-ac496f4e0c24,A
5faba119-90d9-5be4-8d17-09a42c3228dc,B
1a33ea18-7fda-52c8-bbae-13166d42a43f,A
d6c91bf8-e840-5a9b-8e54-9b3aae1eb785,A
5dc5c821-c102-575b-916c-9a3c0a1be658,B
653f77c3-e98a-5711-b4bd-3629853a5d54,B
c64db441-0c52-544c-88bc-6fc5e7535f3c,B
806497f9-433c-59f5-aa81-b0fc1398fc1b,A
0cf2d318-18be-5bda-b976-52e5f3bffa01,B
eb39387a-e83c-5cc7-92f7-189a5e71bf26,B
b25fc0d7-ca58-58c8-9430-0a2943209f95,B
6101a179-ce72-51da-a1b4-643c7ee99009,B
c2d66af7-e981-5b4f-849d-00876452ae3e,B
8cbbf68f-d729-5a61-92e2-bb6f4480666f,A
5241073a-b9e6-5f61-967e-f50171cdfc2b,B
6e67b94b-3b75-59dc-9551-2fcd34c4e5bd,B
bd3f5285-a513-58b1-8bd5-66f3d65435e2,B
a4c0202d-9927-5250-b1cf-70ed40a2e992,B
0ad4b474-6f8f-50a8-9a63-6e621e202c72,B
4ff4607f-c38a-5039-8193-7c50efc59f20,A
2fb6b499-99f2-546e-a2ae-2676ac419fb4,B
ada72612-ba5d-56c3-83fe-3fd89d07e7be,B
761e275c-7556-5238-8fcc-7b52af5dc416,B
a74d50f7-9e44-5428-969c-89c74c5bd0ea,B
b93bad87-ed35-51a9-a6cd-aa625936a587,B
39a96169-92fd-5027-be7e-e31926ecc033,A
506ba1e7-2940-5b59-a072-4f19bb03c469,B
a761a9d8-0d7d-5e2a-8f9d-0961e6a22ad9,B
5a51c44e-ff68-583f-99b4-e379dd3d46b3,B
d9e6aa65-25b9-5c8c-a50f-cca574f8ad89,B
7238d03a-3adc-5ad0-ae2f-9ce5f97ce216,A
26cceffc-1fb6-5c3c-b257-84759fa87fa1,B
fb576312-7ab1-5035-bb6d-14013d4dd65d,A
74581892-e3c1-5ef1-8eca-46a1d4ed710a,B
96d3b510-63de-5bc7-bdb5-5d53fce4e864,B
ccefb115-4203-5168-afe6-e991d1ee7120,B
02f3f33b-c611-5e3a-a0c5-ecf7ba2bff40,A
652d49c6-901a-5f96-a271-dbf143bbf565,B
8b2d259c-b98d-512e-9f14-1a033136ae83,B
94e42627-3519-52bb-876d-b00b3c1a19c7,B
642827c3-fa04-5743-b9c6-f3eab81b793b,B
6eea64c3-0413-5fdf-b089-80dd2336a931,A
bbdcd0e8-c9f8-5d3d-bf42-7bd74bd75273,A
4f912a80-4b06-5c52-8c09-46ab9dac3f50,B
6ad0708f-c8f5-5e1b-8853-9da12e8f0e67,B
076468c5-22e4-5b91-a74b-d31ba1182eaa,B
6071bc26-275c-5873-aa87-bca1593c1350,A
bebc895d-1f3e-543a-be27-a11c319dca89,A
97c53ddb-0acc-56a1-9216-bb6727e8f586,A
8072e41f-0e0a-5dac-897c-f82630d529da,A
4b1566d0-5d99-5e46-8883-2f9c155ed9a6,A
63a0e572-65a6-59db-a54c-8a88da66ad6a,A
609bc48e-5a9d-57b2-84b4-5cf3179dfbc2,B
89ad682e-4678-5c95-8cb5-27a70a3df69f,B
6c214deb-96b4-5152-801c-7b296182273e,B
862781f4-edd0-53c0-a4a2-eafa093b2cf0,A
feb2b600-421d-5a19-b39e-b1832ba41721,B
b32d38b3-0ead-582d-b906-1f620006ee98,B
d3bd3ea3-22ed-5a6f-bbbe-5c0cae8e0b59,B
ed4dfc69-b02a-5b22-b840-df8ef94ac863,B
9f8d9593-e0eb-534d-a177-2d06923b0bc6,B
0c0bf5f5-9b1d-5002-80fc-d68080d38aec,B
ece3a0f2-2145-5edd-a6bf-7f92dcc4d03b,B
3fe93ac0-3593-5d41-a7aa-58cab2fefedd,A
b37bde81-c51d-5677-895a-90e7ea82769c,A
e711a144-4bff-5e97-8d30-505ef5283f62,B
95b24833-bf9c-51bc-91bb-120dc11251f4,A
fb010453-c9a1-513e-80d2-6e862a7ac1eb,A
7b80cffa-6f7e-5155-9c69-75dc87f6f314,A
06d8633e-ba37-523a-8a1b-d23a1b05ab55,B
47691eb8-6842-54b6-9bfa-638396a3757d,A
c306962c-3bc0-5306-8182-5187a0429b05,B
e28c2dde-7281-50e4-87e5-6449f18e3d79,B
a0700e91-1e56-59fb-bac8-d5048dc1f61d,B
f1891276-ff88-5171-8720-61908bff5e77,A
4f49c59b-c323-55ce-b658-dcbbc1b8fe7d,B
182a216b-71f5-5d79-8947-fcbebab7e2c2,B
8a434591-3536-5802-9480-1ed7d9cd60ac,B
2417995a-5baa-5b49-a5d2-84ef4202600d,B
e07001e9-2961-50e0-99b8-4d3433716c65,B
d956ee41-b3b1-52d5-ad3c-787d7d71a574,B
4f11e097-9e66-5d11-a40c-094f513471ac,B
fc7fce69-32e4-56a0-9957-687566a5d79b,B
1ecf95ed-55a1-56b0-9971-13dbe52bcc84,B
3be7f975-9f0b-51d0-a360-9dc7487e8f4f,B
01c32337-3782-5fc0-8040-2850d4d212f3,B
0f080546-ca02-545b-a1f0-c626bb610a2a,B
e82d2ea3-2496-5b19-a2e2-a15fe6d57534,B
8fc8e1f1-e82e-5c20-822c-af0e60866580,A
9461f002-1439-51fd-9531-36f752f3f1e4,B
f1379a00-c943-54eb-bc31-1f34805e2f32,B
7269c247-cd48-5ed3-a77f-f028e773d7f4,A
4a19a730-aac8-54ed-8857-bea4efb596ed,B
9a60c7a5-ae3b-531b-a00b-cb36e8cbc096,B
1a5432b2-ca09-5833-8909-bf891a3c22e9,B
88c03f19-2b85-5b04-b0f8-42e9a765098e,B
c566a7a2-90fa-51a3-ad32-2fdf11cc8042,B
a44180ee-5faf-5a97-94bb-660edb6edcac,A
fbc46398-9882-54d4-95eb-215ddf1857bb,A
b3f4a62f-a237-5310-8c00-f291e00d3c3a,B
09f91a0b-f769-56af-a191-3ed83f705504,B
90a99d74-d437-519b-87e4-877b1991f143,A
76eabdfb-15f8-5b97-907e-85149dfc2983,B
84c8ebef-336e-50d8-9986-9db880d844f3,B
b29adb50-ba02-5a98-8811-300f49fb8aa2,B
9cfdcd31-3be5-57e3-b829-eace8fe064eb,A
6bc9bd9d-322e-5e9d-9ef4-c949d73eeb75,A
2c28d749-9b2f-572b-b7cd-5c27e0ad9d1f,A
db5fe3cd-488b-5996-b494-768c2a8add72,B
d1ac1dc9-a0cc-5378-8762-7807e505f7c7,A
35abf0af-4d34-54d4-84e7-e9e4c313b886,B
fb5bb37e-22b1-5b7c-b536-69410557f89a,B
27317c1e-afa4-5bc5-9e3a-e3284ddcf520,B
d3bc5a4b-e915-5d5d-b275-02b1a75440c5,A
31d5a007-227a-5e68-b5a8-78343fe1d67a,A
1edc56e1-c077-594e-aa19-13092f6ab299,A
6c05f377-4e93-596e-9631-05d39a75656f,A
9b221464-e10d-55e7-b3a8-b505fe52f456,B
15a1eada-5673-5107-9e52-b49c0d56abb6,A
ba76cbd8-d820-5379-8d55-a8ec885a0c11,B
3ca54016-2ae6-56fa-b80e-1b274a34934a,B
7479006a-569e-5524-b6fe-4d30592fe1b0,B
31b7f739-8ebf-5565-9cc8-dbe81a71d1f0,B
4f52067b-327b-5105-ad62-6c6a39f0b3a3,B
783f7a73-f3a7-5985-b4c7-1684db85618e,B
5c957188-3c39-5ba7-b0d6-91c31eb7594c,A
1ff6a2b2-d504-57d0-a187-28cae583bc58,A
1fe12a85-7578-5aa3-886b-f904ce1853bb,A
4e63c13c-8a91-5f29-839e-f7a0b4e752ba,B
94deac65-af70-5be8-9dc1-fc90cb2a9860,B
e077c999-6f86-5122-b81f-a2280ec6de2a,B
da426470-aa56-5299-b047-701814cd79b4,A
117a9c12-ecbc-5f3b-8782-8a3a48ba5045,B
a7544525-7b5b-576a-b1c1-4d178647103f,A
413200d8-dda2-503b-b20d-b2c47e7c4874,A
45f64318-387f-5fd4-8819-f39701a7c93b,A
53a072f9-3bd4-5b76-959e-5436c7474ab0,A
6980179e-3e16-591f-8fbe-28adb5276913,B
e507c24c-268f-57b3-ae82-115141c2cb01,A
f01da213-7931-5c24-a8f3-c37113d1e6af,B
83abbc86-e987-5399-9a7d-c76dbcf5c6db,B
0f03ad86-bab9-5804-8b7d-e366a96e3ef6,B
8dddf27e-b2f5-532c-a23f-ac533ad229b2,A
0f60f2b6-3f29-5063-8477-5579e8b59654,B
236e4c79-ae79-5ce9-a24f-6111bb1d069a,B
03637a9a-7d80-5ecb-a1d0-d1f6cffc6879,B
d12cb3ba-be85-5212-8dc5-2353b98f943a,A
2122366f-64bb-5bcd-bf3a-c5a26b7fcc91,A
d818547e-209d-5a54-aee1-13647acc6e21,B
2db0e5b8-f4c7-52c1-a715-3b4394509903,B
c9694d7e-4ec1-5cfe-873c-97296097cb28,A
aa1f2d30-1871-56b5-92ef-896c21e4da76,B
0dfb4241-9d97-598b-9a8d-fb7878ef0d9e,A
27af9489-5983-5003-bcf2-47d13be1bfcf,A
5b31230c-b3a5-5f5b-9de7-e940518ee29f,B
2d1bb16f-47d8-5ccf-915b-1718fd79fbb9,B
b4416570-f628-51b5-8190-c246e74a4d71,A
e316a479-8915-5b9b-bc3b-d53267f8b66a,B
10465a41-8d5e-5120-9d7a-e1ad1e8e74df,A
f42921be-dcd2-5cb1-9447-eaa34fb8db08,B
2d8c67f5-af09-5cc8-9411-896ab18465ae,A
c946a7cc-ef7b-57e0-9b01-76ca9f508dfa,A
99431525-4db9-5601-ba74-0fe035a74684,B
7744aeeb-5986-5783-9b8b-fbeeb70c53b8,B
2b068509-328d-5f22-84df-62f871c74ddd,B
c1014856-06fa-5e08-a852-0277483dfec4,B
10f5a8c0-027a-5e03-aa0f-4a2138cbf846,A
c8a90ffa-aa5b-52e6-9952-c06d5ff8784e,A
d9f49899-0101-517f-a695-dcec90843b56,B
e7a913d3-6770-5fcf-bbfb-4ed8114790eb,B
424123e4-ba22-583e-ba6f-5fd5372b78ca,B
7fe4be8f-4474-50cf-b63a-d27c4c89b5ad,B
979d3f21-0b17-5bc1-a694-475eb2c21684,B
89afff9e-3563-567f-bf49-4b6a60cb12eb,A
5a737f90-c602-5935-bda0-e706f40f93e0,B
6c37bc34-c86f-5efa-b67e-562bca60693e,B
f04cfc74-7e01-5c5a-b3e0-10ab983b5edd,A
9385556d-af0c-5923-9190-3e938f3f1703,A
826b83df-da29-5fff-8e34-cd08c745040a,B
af6e2828-861b-5cb4-982a-1f20d6e3f568,B
05486722-2636-561f-8ced-da2dc54d7a0b,B
38b69692-fefb-5fd3-9dc7-b4f522dcd253,A
de0c73f6-8223-5496-8067-bb315baeb1e5,B
772e664d-d4bf-5f0a-b058-fde6b4f3e2fc,B
5ff436c6-2899-5565-b1e7-c4b71250b340,A
fb69bc71-2994-5cd6-ad30-228d359858e5,B
8dabc38e-719c-56f0-92e6-dd923f9c7c79,A
8f0957be-a10d-53b8-b4bd-e7618166b15a,A
338d2cc4-0392-5652-885e-c05e9e2cd71a,B
ecbe99cb-c455-5048-88a2-a454d7a88dd8,A
e1a8d0ed-9897-55d8-b77d-7441389e2418,B
ec856c1c-561e-5126-859d-8bed57994ef9,A
b487ea88-7f61-585f-a2ff-4f335d30a12e,B
86d3d9db-2af1-541c-8f8b-da2aef85c544,B
5395119b-d8e5-52d3-a610-be760aee401a,A
b29e3027-00b8-5e06-8b51-aeed1a2e4bdb,B
904ccc1f-7d96-58a4-9c78-721feed676db,A
b250a054-a279-5675-8907-0779ba8f2bde,B
0831c536-0f42-5537-9e5b-d8c893c3059e,B
6951b5bd-276b-5eb4-adca-71ee67a0b7ee,A
b7b8f64a-17d5-531f-8316-529780f38835,A
46293924-ea56-5d2e-ab0e-0747c3746419,B
4e42fb58-f8e7-5d33-9585-73aa84d37ba2,B
3d772030-166c-59ed-8b42-da954637bde4,B
e542fac4-1bf7-515a-9217-0e6151c1e908,A
e96294cc-ae83-5447-a9f0-cc1fe0d95f49,B
736bfd4a-2598-569f-908a-c0bd8d35dd44,A
1826fccc-d9b5-5b35-93b9-4ef682953cb2,A
fb82b632-777a-5418-838a-68b6309c7c20,B
40dd9450-0c15-5b3a-9541-30dd80541738,B
a3e354e8-1f92-5619-9453-1c3462d5b94e,A
91153c56-2e30-572d-8e1e-fd5477d01873,B
2ea3567c-6bdb-519b-8ef9-e07ef533773d,A
12888fdc-45bf-556f-a19e-a7839ecd89b5,B
9fb1c9fc-ef64-5ceb-97b4-cf17019f0455,B
39f0127b-4e2b-5249-b7b7-7ded49afb7f5,B
7003b6ea-4516-55a1-98e8-2131856a34d8,B
a28a8dae-78a7-51a7-a46f-84a6e502068d,B
517dbc08-de63-54f0-bc18-07f1e2347c09,A
ca59552b-524e-51e0-9eb1-2afdf2915ac2,A
5ab8d9e6-93cc-585e-b094-abbe3a82ff0f,A
2092f9af-bcef-594c-9394-b26f14dcb911,A
f5c923f4-09d1-537e-81c8-d7642d66c633,B