id,gemma-1.1-2b-it,gemma-2-2b-it,llama-3-8b-it,llama-3.2-1b-it,llama-3.2-3b-it,mistral-7b-it-v0.1,mistral-7b-it-v0.3,mistral-8b-it-2410,olmo-7b-it,olmoe-1b-7b-0924-it,olmo-2-0325-32b-it,phi-3-medium-4k-it,phi-3.5-mini-it,phi-4-mini-it,qwen-2.5-0.5b-it,qwen-2.5-1.5b-it,qwen-2.5-3b-it,qwen-2.5-7b-it-1m,qwen-2.5-7b-it,flan-t5-base,flan-t5-large,flan-t5-small,flan-t5-xl
2,0,0,1,0,1,1,1,1,1,1,1,1,1,1,0,0,0,1,1,1,0,1,1
4,0,1,1,0,1,0,1,0,1,0,0,1,1,0,0,1,1,0,0,0,1,0,1
6,1,0,1,0,1,0,0,1,1,1,1,1,1,1,0,1,1,1,1,0,1,0,1
7,1,1,1,1,1,1,1,1,0,1,1,1,1,1,0,0,1,1,1,1,0,1,0
8,1,1,1,1,0,1,1,1,0,1,1,1,1,1,0,1,1,1,1,1,0,1,1
9,1,0,1,0,1,0,1,1,1,0,1,1,1,1,0,1,1,1,1,0,1,0,1
10,1,1,1,1,1,1,1,1,0,1,1,1,1,1,0,1,0,1,1,1,0,1,1
11,1,0,0,0,1,0,0,0,0,0,1,1,0,0,1,1,1,1,1,0,1,0,1
13,0,0,0,0,1,0,0,0,1,0,0,1,0,0,1,0,0,1,1,0,1,0,0
14,1,1,0,1,1,1,1,1,0,1,1,1,1,1,1,1,1,1,1,1,0,1,1
15,1,1,1,1,1,1,1,1,0,1,1,1,1,1,1,0,1,1,1,1,0,1,1
16,1,1,1,1,1,1,1,1,1,1,1,1,1,1,1,1,1,1,1,1,0,1,1
18,0,1,1,1,1,1,1,1,0,0,1,0,1,1,1,0,1,1,1,1,0,1,0
19,0,0,0,0,0,0,0,0,1,0,0,0,0,0,0,1,1,1,0,0,1,0,0
20,0,0,1,0,1,0,1,1,0,0,1,1,1,0,0,1,1,1,1,0,1,0,1
22,0,0,1,0,0,0,1,0,1,0,0,0,1,0,0,1,0,1,1,0,1,0,0
23,1,1,1,1,1,1,1,1,0,1,1,1,1,1,1,0,0,1,1,1,0,1,1
27,0,0,0,0,0,0,0,0,1,0,0,1,0,0,1,0,1,1,0,0,0,0,0
28,1,1,1,0,1,1,1,1,0,1,1,1,0,1,0,0,1,1,1,1,0,1,1
30,1,1,1,1,1,1,1,1,1,1,0,1,1,1,1,0,0,1,1,1,0,1,1
32,0,0,1,1,1,0,0,1,0,1,1,0,1,0,0,1,1,1,1,0,1,0,0
33,0,0,1,0,1,0,1,1,0,0,1,1,1,0,0,1,1,1,0,0,1,0,1
35,0,0,0,0,1,0,0,0,1,1,0,1,1,0,0,1,1,1,0,0,1,0,1
36,1,1,1,1,1,1,1,1,0,1,1,1,1,1,1,0,1,1,1,1,0,1,0
40,0,0,0,0,0,0,0,0,0,0,1,0,0,0,0,0,0,0,0,0,1,0,0
41,1,0,1,1,1,1,1,1,0,1,1,1,1,1,1,1,1,1,1,1,0,1,1
42,1,0,1,0,1,0,1,1,1,0,1,1,1,1,0,1,1,0,0,0,1,0,1
44,1,1,1,1,1,1,1,1,0,1,1,1,1,1,1,1,1,1,1,1,0,1,1
45,1,1,1,1,1,1,1,1,0,1,1,1,0,1,0,1,1,1,1,1,0,1,1
46,0,1,1,1,1,1,1,1,0,1,1,1,1,1,0,0,1,1,1,1,1,1,0
47,0,0,1,0,0,0,0,0,1,0,1,1,1,0,0,1,1,1,1,0,1,0,0
49,0,0,1,0,0,0,0,0,1,0,0,0,0,0,1,1,1,0,0,0,1,0,0
50,0,0,0,0,1,0,0,0,1,0,0,1,0,0,1,1,1,1,0,0,1,0,0
51,1,0,1,0,1,0,0,1,1,1,1,1,1,0,0,1,1,1,1,0,1,0,1
52,1,1,1,1,1,1,1,1,1,0,1,1,1,1,0,1,1,1,1,1,1,1,1
53,0,0,1,0,0,0,1,0,1,0,0,0,1,0,0,1,1,0,0,0,1,0,0
54,1,0,1,0,1,0,0,0,1,0,1,1,1,0,1,0,0,1,1,0,1,0,0
55,0,0,0,0,0,0,0,0,1,1,0,0,0,0,0,0,0,0,0,0,0,0,0
56,1,1,1,0,1,1,1,1,0,0,0,1,0,1,1,0,1,0,1,1,0,1,0
58,1,1,1,1,0,1,1,1,0,1,1,1,1,1,1,1,1,1,1,1,0,1,0
60,1,1,0,1,1,1,1,1,0,1,1,0,0,1,0,0,0,0,1,1,1,1,1
61,1,1,1,1,1,1,1,1,0,0,1,1,0,1,0,1,0,1,1,1,0,1,1
62,1,0,0,0,0,0,0,0,0,0,1,1,1,0,0,1,1,1,1,0,1,0,1
64,0,0,1,0,0,0,1,1,0,0,1,1,1,0,0,1,1,1,1,0,0,0,1
66,0,0,0,0,0,0,0,0,1,0,0,0,0,0,0,0,1,1,1,0,1,0,1
67,0,0,0,0,1,0,0,0,1,0,0,0,0,0,0,0,0,1,0,0,1,0,0
68,1,0,1,0,0,0,1,0,1,0,1,0,1,1,1,1,1,0,0,0,1,0,1
72,0,0,0,1,0,1,0,0,0,1,0,0,0,0,0,0,0,0,0,1,0,1,0
73,1,1,1,0,1,1,1,1,1,1,1,1,1,1,1,1,0,1,1,1,1,1,1
74,1,1,1,1,1,1,1,1,0,1,1,1,1,1,1,0,1,1,1,1,1,1,1
75,1,1,1,1,0,1,1,0,0,1,1,1,0,1,0,0,0,0,1,1,0,1,1
77,1,1,0,0,1,0,0,1,1,1,0,0,1,0,0,1,0,0,0,0,1,0,1
79,1,0,0,0,1,0,0,0,1,0,0,1,1,0,0,1,0,0,0,0,1,0,1
82,0,0,0,0,0,0,0,0,1,0,1,0,0,0,0,1,1,1,1,0,1,0,0
83,1,1,1,0,1,1,1,1,1,1,1,1,0,1,0,0,1,1,1,1,0,1,1
84,1,1,1,0,1,1,1,1,1,1,1,1,1,1,1,1,1,1,1,0,1,0,1
85,0,0,1,0,1,0,0,1,0,0,1,1,1,0,1,1,1,1,1,0,1,0,1
87,1,1,0,0,1,1,1,1,1,0,1,1,1,0,1,1,1,1,1,0,1,0,1
88,0,0,1,0,1,0,1,1,1,0,1,1,1,1,0,1,1,1,1,0,1,0,1
90,0,0,1,0,0,0,0,0,1,0,1,1,1,0,0,1,1,1,1,0,1,0,0
91,1,1,1,1,0,1,1,1,0,1,1,1,1,1,0,1,1,0,1,1,0,1,0
93,0,0,1,0,0,0,0,0,0,0,0,0,0,0,0,1,1,1,1,0,0,0,0
94,1,1,1,1,0,1,1,1,0,1,1,1,1,1,1,1,1,1,1,1,0,1,0
96,0,1,1,1,0,1,1,1,0,1,1,1,1,1,1,1,0,1,1,1,0,1,1
97,1,1,0,1,0,1,1,1,0,1,0,1,0,1,1,0,0,0,0,1,1,1,1
98,1,1,1,1,1,1,1,1,1,0,1,1,1,1,1,1,1,1,1,1,1,1,1
99,0,0,0,1,0,0,0,0,1,0,0,1,1,0,0,0,0,0,0,0,1,0,1
101,1,1,1,1,1,1,1,1,0,1,1,1,0,1,1,1,1,1,1,1,0,1,1
103,1,0,1,0,1,0,0,1,1,0,1,1,1,0,0,1,1,1,1,0,0,0,0
104,0,1,1,1,1,1,1,1,0,1,1,1,1,1,1,1,1,1,1,1,0,1,1
105,0,0,0,0,1,0,1,1,1,0,1,1,1,0,0,0,1,1,1,0,1,0,1
106,0,0,0,0,0,0,0,0,1,0,0,0,0,0,1,1,0,0,0,0,0,0,0
108,1,0,1,1,0,1,0,0,0,1,0,0,0,1,1,0,0,0,0,1,0,1,0
109,1,1,0,1,1,1,1,1,1,0,0,1,0,1,0,0,1,0,0,1,1,1,1
110,0,1,1,0,1,0,0,1,1,0,0,1,1,0,1,1,1,0,0,0,1,0,1
111,1,1,1,1,1,1,1,1,0,1,1,1,0,1,0,1,1,0,1,1,1,1,1
112,1,1,1,1,1,1,1,1,0,1,1,0,1,1,0,0,0,0,0,1,0,1,0
113,0,0,1,0,1,0,0,1,1,1,0,1,1,0,1,1,1,1,1,0,0,0,0
114,1,1,1,1,1,1,1,1,0,1,1,0,1,1,1,1,1,1,1,1,0,1,1
115,0,0,0,0,1,0,0,0,0,0,1,0,0,0,0,0,0,1,1,0,0,0,0
116,1,1,1,1,1,1,1,1,0,1,1,1,1,1,1,1,1,1,1,1,1,1,1
117,0,1,1,0,0,0,1,1,0,0,1,1,1,1,0,1,1,1,1,0,1,0,0
118,0,0,0,0,0,0,0,0,1,0,0,1,0,0,1,1,0,1,1,0,1,0,1
120,0,0,0,1,0,0,0,0,0,0,0,0,0,0,0,1,0,0,0,0,0,0,0
121,0,0,0,0,0,0,0,0,1,0,0,0,0,0,0,1,1,0,0,0,1,0,1
123,1,0,0,0,1,0,0,0,1,0,0,0,0,0,0,1,0,1,1,0,1,0,1
124,0,1,1,0,1,0,1,1,0,0,1,1,1,1,0,1,1,1,0,0,1,0,1
125,1,0,1,0,0,0,1,1,1,0,1,1,1,1,0,1,1,1,1,0,1,0,1
126,1,1,1,1,1,1,1,1,0,0,1,1,1,1,1,1,1,1,1,1,0,1,1
127,0,0,1,0,0,0,0,0,1,0,1,1,1,0,1,1,0,0,0,0,1,0,0
128,1,1,1,0,0,0,1,1,1,0,1,1,1,0,1,1,1,1,1,0,1,0,1
129,1,1,1,1,1,1,1,1,0,0,1,1,1,1,1,0,1,1,1,1,0,1,0
130,1,1,1,1,1,1,1,0,0,1,0,0,0,0,1,0,0,0,0,1,0,1,0
131,0,0,0,0,1,0,0,0,0,0,1,1,1,0,0,1,1,1,1,0,1,0,1
132,0,0,0,0,0,0,0,0,1,0,0,0,0,0,0,1,1,0,0,0,0,0,0
133,1,1,1,1,1,1,1,1,1,1,1,1,1,1,1,0,1,1,1,1,0,1,1
135,0,0,1,0,1,0,1,0,1,0,1,0,1,0,0,1,1,1,1,0,0,0,1
137,1,1,1,1,1,1,1,1,1,1,1,0,1,1,1,1,1,0,1,1,1,1,1
138,0,0,0,0,1,0,0,1,1,0,1,1,1,0,0,1,1,1,1,0,1,0,1
139,1,1,1,1,1,1,1,1,0,1,1,1,1,1,1,1,1,1,1,1,0,1,1
140,0,0,1,0,0,0,0,0,1,0,1,1,1,0,1,1,1,1,1,0,0,0,0
141,1,0,1,1,1,1,1,1,1,1,1,1,1,1,1,0,0,1,1,1,0,1,0
143,1,1,1,0,1,1,1,1,0,1,1,1,1,1,1,1,1,1,1,1,0,1,1
144,1,0,0,1,0,1,1,0,1,1,0,0,0,0,1,0,0,0,0,1,0,1,1
146,0,0,0,0,0,0,0,0,1,0,0,1,1,0,1,1,1,0,0,0,1,0,0
147,1,0,1,0,1,0,0,1,1,0,1,1,1,1,0,1,1,1,1,0,1,0,1
148,0,0,0,0,0,0,0,0,1,0,1,1,0,0,0,1,0,0,0,0,0,0,1
151,1,1,1,1,1,1,1,1,0,1,1,1,1,1,1,1,1,1,1,1,1,1,1
152,0,0,0,0,0,0,0,0,1,0,0,0,1,0,0,1,0,0,0,0,1,0,0
153,1,1,1,1,1,1,1,1,1,1,1,1,1,1,1,1,1,1,1,1,0,1,1
155,0,0,1,0,0,0,0,0,1,0,0,0,1,0,0,0,1,1,0,0,1,0,1
156,1,1,1,1,1,1,1,0,0,1,1,0,1,1,1,1,0,0,0,1,1,1,0
157,0,1,1,1,1,1,1,1,1,1,0,0,0,1,0,0,1,1,0,1,0,1,0
158,0,0,0,0,0,0,1,0,1,0,1,1,1,0,0,1,1,1,1,0,1,0,1
159,1,1,1,1,1,1,1,1,1,1,1,1,1,1,0,1,1,1,1,1,0,1,1
160,1,1,1,1,1,1,1,1,0,1,1,0,1,1,0,0,0,1,1,1,0,1,1
161,0,0,1,0,1,0,1,1,1,0,1,1,1,0,0,1,1,1,1,0,1,0,0
162,1,1,1,1,1,1,1,1,1,1,1,1,0,1,0,0,1,1,1,1,0,1,0
164,1,1,1,1,1,1,1,1,0,1,1,1,1,1,1,0,0,1,1,1,0,1,0
165,1,0,1,0,1,0,1,1,1,0,1,1,1,0,0,1,1,1,1,0,1,0,1
166,1,1,0,0,1,0,1,1,1,0,1,1,1,0,0,1,1,1,1,0,1,0,1
167,1,1,1,1,1,1,1,1,0,1,1,1,1,1,1,1,1,1,1,1,0,1,1
168,1,1,1,1,1,1,1,1,0,1,1,1,1,1,0,0,1,1,1,1,1,1,1
169,1,1,1,1,1,1,1,1,0,1,1,1,0,1,0,1,0,0,0,1,0,1,1
170,1,1,1,1,0,1,1,1,0,1,1,1,0,1,1,0,1,1,1,1,0,1,1
171,0,0,1,0,1,0,1,1,1,0,1,1,1,1,0,1,1,1,1,0,1,0,1
173,1,1,1,1,1,1,1,1,0,1,1,1,1,1,1,1,1,1,1,1,0,1,1
174,1,1,0,1,0,1,0,1,0,1,0,0,0,0,1,0,0,0,0,1,0,1,0
177,1,0,1,0,1,0,1,1,0,0,1,1,1,1,1,1,1,1,1,0,1,0,1
178,1,1,1,1,1,1,1,1,0,1,1,1,1,1,1,1,1,1,1,1,0,1,0
179,0,0,1,0,0,0,0,0,0,0,1,0,1,0,0,1,1,1,1,0,1,0,1
180,0,1,1,0,1,0,1,1,1,1,1,1,1,1,1,1,1,1,1,0,1,0,1
181,1,1,0,1,1,1,0,1,1,1,0,1,0,1,1,0,0,0,0,1,1,1,1
183,0,1,1,0,1,0,1,1,1,0,1,1,1,1,0,1,1,1,1,0,1,0,1
186,1,1,1,1,1,1,1,1,1,1,1,1,1,1,1,1,1,1,1,1,0,1,1
187,1,1,1,1,1,1,1,1,0,1,1,1,1,1,1,1,0,1,1,1,0,1,1
188,1,1,1,1,1,1,1,1,1,1,1,1,1,1,0,1,1,1,1,1,0,1,1
189,0,1,0,0,1,0,1,1,1,0,1,1,1,1,1,1,1,1,1,0,1,0,1
190,1,1,1,1,1,1,1,1,0,0,1,1,1,1,0,1,0,1,1,1,0,1,1
193,1,1,1,1,1,1,1,1,0,0,1,1,1,1,0,0,1,1,1,1,0,1,1
194,0,0,0,0,0,0,0,0,1,0,0,0,1,0,1,0,1,1,0,0,0,0,0
196,0,0,1,0,0,0,1,0,0,0,1,1,1,0,0,1,1,1,1,0,0,0,0
197,1,1,0,0,0,1,0,0,0,1,0,0,0,1,0,1,0,1,0,1,0,1,0
198,1,1,1,1,1,1,1,1,1,1,1,1,1,1,1,0,1,1,1,1,1,1,0